MSA,Product,LAT,LON,Market Size,Number of Companies,Risk,Price,Premium_Discount,Pricing_Rationality,Pricing_Rationality_Explanation,Market_Size_Score,HHI_Score,Economic_Growth_Score,Loan_Growth_Score,Risk_Score,Risk_Migration_Score,Relative_Risk_Migration_Score,Premium_Discount_Score,Pricing_Rationality_Score,Revenue_per_Company_Score,International_CM_Score,Attractiveness_Score,Attractiveness_Category,Driving_Metric,Driving_Metric_Score,Herfindahl-Hirschman Index (HHI),Economic_Growth,Lending Volume Annual Change,Proportion of International Cash Management Revenue,Loan to Deposit Ratio,Revenue per Company,Net_Risk_Migration,National_Net_Risk_Migration,Relative_Risk_Migration,Risk_Migration_Stability,National_Risk_Migration_Stability,Relative_Risk_Migration_Stability,Risk_Migration_Composite,Relative_Risk_Migration_Composite,Risk Migration
AL-Birmingham,Credit_Cash_Management,33.462372,-86.814338,110814172,677,7.174218317,211,Discount,Rational,Rational: Low risk with low price,Low,Medium,Low,High,Low,High,Above National Avg,Discount,Rational,Medium,High,1.65,Challenging,Pos: Loan Growth | International CM | Neg: Relative Risk Migration | Risk,Top Pos: Loan Growth | Top Neg: Risk,1434.19,1.590744423,1.39827563,0.254653827,2.757431956,163684.1536,-2.177413699,-0.421254549,-1.75615915,0.00469086,0.006659419,-0.001968559,-1.522782331,-1.229901973,Downgraded
AL-Birmingham,Deposits,33.462372,-86.814338,1281702216,677,7.174218317,211,Discount,Rational,Rational: Low risk with low price,Low,Medium,Low,High,Low,High,Above National Avg,Discount,Rational,High,High,1.65,Challenging,Pos: Loan Growth | International CM | Neg: Relative Risk Migration | Risk,Top Pos: Loan Growth | Top Neg: Risk,1434.19,1.590744423,1.39827563,0.254653827,2.757431956,1893208.591,-2.177413699,-0.421254549,-1.75615915,0.00469086,0.006659419,-0.001968559,-1.522782331,-1.229901973,Downgraded
AZ-Phoenix-Mesa-Chandler,Credit_Cash_Management,33.185765,-112.067862,331419363,2042,6.513485095,235,Premium,Overpriced (Opportunity),Irrational: Low risk with high price - Overpriced (Opportunity),High,Medium,Medium,Medium,Low,High,Above National Avg,Premium,Overpriced (Opportunity),Low,Low,1.84,Challenging,Pos: Premium Discount | Pricing Rationality | Neg: International CM | Risk,Top Pos: Premium Discount | Top Neg: Risk,1396.78,2.932926637,0.162956858,0.213589388,2.731863057,162301.3531,-5.910304606,-0.421254549,-5.489050057,0.026541917,0.006659419,0.019882498,-4.129250649,-3.836370291,Downgraded
AZ-Phoenix-Mesa-Chandler,Deposits,33.185765,-112.067862,3648450392,2042,6.513485095,235,Premium,Overpriced (Opportunity),Irrational: Low risk with high price - Overpriced (Opportunity),High,Medium,Medium,Medium,Low,High,Above National Avg,Premium,Overpriced (Opportunity),High,Low,1.84,Challenging,Pos: Premium Discount | Pricing Rationality | Neg: International CM | Risk,Top Pos: Premium Discount | Top Neg: Risk,1396.78,2.932926637,0.162956858,0.213589388,2.731863057,1786704.404,-5.910304606,-0.421254549,-5.489050057,0.026541917,0.006659419,0.019882498,-4.129250649,-3.836370291,Downgraded
CA-Fresno,Credit_Cash_Management,36.879404,-119.668488,59191028,356,6.839151463,233,Premium,Overpriced (Opportunity),Irrational: Low risk with high price - Overpriced (Opportunity),Low,High,High,High,High,Medium,At National Avg,Premium,Overpriced (Opportunity),Medium,Low,2.32,Highly Attractive,Pos: Economic Growth | Premium Discount | Neg: HHI | International CM,Top Pos: Economic Growth | Top Neg: International CM,2898.97,3.265121911,3.113507642,0.213815906,2.587037416,166266.9326,0.049461369,-0.421254549,0.470715919,1.245165,0.006659419,1.238505581,0.408172458,0.701052817,Upgraded
CA-Fresno,Deposits,36.879404,-119.668488,583964304,356,6.839151463,233,Premium,Overpriced (Opportunity),Irrational: Low risk with high price - Overpriced (Opportunity),Low,High,High,High,High,Medium,At National Avg,Premium,Overpriced (Opportunity),Low,Low,2.32,Highly Attractive,Pos: Economic Growth | Premium Discount | Neg: HHI | International CM,Top Pos: Economic Growth | Top Neg: International CM,2898.97,3.265121911,3.113507642,0.213815906,2.587037416,1640349.169,0.049461369,-0.421254549,0.470715919,1.245165,0.006659419,1.238505581,0.408172458,0.701052817,Upgraded
CA-Los Angeles-Long Beach-Anaheim,Credit_Cash_Management,34.108703,-118.182753,1294529972,7674,7.929313259,248,Premium,Rational,Rational: High risk with high price,High,Low,Low,Medium,Medium,High,Above National Avg,Premium,Rational,Medium,High,2,Neutral,Pos: HHI | Premium Discount | Neg: Risk Migration | Relative Risk Migration,Top Pos: HHI | Top Neg: Relative Risk Migration,750.35,0.911311743,-0.06166877,0.2392564,2.594910673,168690.3795,-1.29532554,-0.421254549,-0.87407099,0.032393657,0.006659419,0.025734237,-0.897009781,-0.604129422,Upgraded
CA-Los Angeles-Long Beach-Anaheim,Deposits,34.108703,-118.182753,13998107919,7670,7.929313259,248,Premium,Rational,Rational: High risk with high price,High,Low,Low,Medium,Medium,High,Above National Avg,Premium,Rational,Medium,High,2,Neutral,Pos: HHI | Premium Discount | Neg: Risk Migration | Relative Risk Migration,Top Pos: HHI | Top Neg: Relative Risk Migration,750.35,0.911311743,-0.06166877,0.2392564,2.594910673,1825046.665,-1.29532554,-0.421254549,-0.87407099,0.032393657,0.006659419,0.025734237,-0.897009781,-0.604129422,Upgraded
CA-Riverside-San Bernardino-Ontario,Credit_Cash_Management,34.538476,-116.134541,191072390,1237,6.501500748,248,Premium,Overpriced (Opportunity),Irrational: Low risk with high price - Overpriced (Opportunity),Medium,Low,Low,High,Low,High,Above National Avg,Premium,Overpriced (Opportunity),Low,High,2.14,Attractive,Pos: HHI | Premium Discount | Neg: Relative Risk Migration | Risk,Top Pos: HHI | Top Neg: Risk,909.82,1.122462072,0.779877328,0.243927661,2.464840088,154464.3411,-0.786593134,-0.421254549,-0.365338585,0.276671911,0.006659419,0.270012491,-0.467613621,-0.174733262,Downgraded
CA-Riverside-San Bernardino-Ontario,Deposits,34.538476,-116.134541,2127019699,1234,6.501500748,248,Premium,Overpriced (Opportunity),Irrational: Low risk with high price - Overpriced (Opportunity),Medium,Low,Low,High,Low,High,Above National Avg,Premium,Overpriced (Opportunity),Low,High,2.14,Attractive,Pos: HHI | Premium Discount | Neg: Relative Risk Migration | Risk,Top Pos: HHI | Top Neg: Risk,909.82,1.122462072,0.779877328,0.243927661,2.464840088,1723678.848,-0.786593134,-0.421254549,-0.365338585,0.276671911,0.006659419,0.270012491,-0.467613621,-0.174733262,Downgraded
CA-Sacramento-Roseville-Folsom,Credit_Cash_Management,38.790272,-121.005643,139860757,877,7.77900861,233,Premium,Rational,Rational: High risk with high price,Low,Low,Medium,Low,Medium,High,Above National Avg,Premium,Rational,Low,Medium,1.93,Neutral,Pos: HHI | Premium Discount | Neg: Loan Growth | Relative Risk Migration,Top Pos: HHI | Top Neg: Relative Risk Migration,811.33,2.22852608,-0.321769606,0.231945422,2.342393985,159476.3478,-3.9580619,-0.421254549,-3.536807351,0.542989989,0.006659419,0.53633057,-2.607746333,-2.314865975,Upgraded
CA-Sacramento-Roseville-Folsom,Deposits,38.790272,-121.005643,1518974295,876,7.77900861,233,Premium,Rational,Rational: High risk with high price,Low,Low,Medium,Low,Medium,High,Above National Avg,Premium,Rational,Low,Medium,1.93,Neutral,Pos: HHI | Premium Discount | Neg: Loan Growth | Relative Risk Migration,Top Pos: HHI | Top Neg: Relative Risk Migration,811.33,2.22852608,-0.321769606,0.231945422,2.342393985,1733988.921,-3.9580619,-0.421254549,-3.536807351,0.542989989,0.006659419,0.53633057,-2.607746333,-2.314865975,Upgraded
CA-San Diego-Chula Vista-Carlsbad,Credit_Cash_Management,33.023604,-116.776117,261716892,1721,6.450766528,248,Premium,Overpriced (Opportunity),Irrational: Low risk with high price - Overpriced (Opportunity),Medium,Low,Low,High,High,Medium,At National Avg,Premium,Overpriced (Opportunity),Low,Medium,2.42,Highly Attractive,Pos: HHI | Premium Discount | Neg: International CM | Economic Growth,Top Pos: HHI | Top Neg: Economic Growth,803.8,1.409343612,0.181626594,0.231145831,3.035224731,152072.5694,-0.25136811,-0.421254549,0.169886439,0.135612285,0.006659419,0.128952866,-0.135273992,0.157606367,Upgraded
CA-San Diego-Chula Vista-Carlsbad,Deposits,33.023604,-116.776117,2910481544,1717,6.450766528,248,Premium,Overpriced (Opportunity),Irrational: Low risk with high price - Overpriced (Opportunity),Medium,Low,Low,High,High,Medium,At National Avg,Premium,Overpriced (Opportunity),High,Medium,2.42,Highly Attractive,Pos: HHI | Premium Discount | Neg: International CM | Economic Growth,Top Pos: HHI | Top Neg: Economic Growth,803.8,1.409343612,0.181626594,0.231145831,3.035224731,1695096.997,-0.25136811,-0.421254549,0.169886439,0.135612285,0.006659419,0.128952866,-0.135273992,0.157606367,Upgraded
CA-San Francisco-Oakland-Fremont,Credit_Cash_Management,37.773718,-122.274432,603659227,3621,6.71348957,233,Premium,Overpriced (Opportunity),Irrational: Low risk with high price - Overpriced (Opportunity),High,Low,High,Medium,Medium,High,Above National Avg,Premium,Overpriced (Opportunity),Medium,Low,2.18,Attractive,Pos: HHI | Economic Growth | Neg: Relative Risk Migration | International CM,Top Pos: HHI | Top Neg: International CM,895.34,3.429820096,0.033739037,0.205918551,2.631571066,166710.6399,-2.123065751,-0.421254549,-1.701811202,0.430920737,0.006659419,0.424261318,-1.356869805,-1.063989446,Upgraded
CA-San Francisco-Oakland-Fremont,Deposits,37.773718,-122.274432,6543146180,3618,6.71348957,233,Premium,Overpriced (Opportunity),Irrational: Low risk with high price - Overpriced (Opportunity),High,Low,High,Medium,Medium,High,Above National Avg,Premium,Overpriced (Opportunity),Medium,Low,2.18,Attractive,Pos: HHI | Economic Growth | Neg: Relative Risk Migration | International CM,Top Pos: HHI | Top Neg: International CM,895.34,3.429820096,0.033739037,0.205918551,2.631571066,1808498.115,-2.123065751,-0.421254549,-1.701811202,0.430920737,0.006659419,0.424261318,-1.356869805,-1.063989446,Upgraded
CA-San Jose-Sunnyvale-Santa Clara,Credit_Cash_Management,36.908472,-121.371372,218149280,1385,8.457520294,233,Premium,Rational,Rational: High risk with high price,Medium,Low,High,Low,High,Low,Below National Avg,Premium,Rational,Low,Medium,2.58,Highly Attractive,Pos: HHI | Economic Growth | Neg: International CM | Loan Growth,Top Pos: HHI | Top Neg: Loan Growth,1017.07,3.371393927,-0.260547724,0.236366692,3.602907157,157508.5054,87.91619401,-0.421254549,88.33744855,0.151887758,0.006659419,0.145228339,61.58690213,61.87978249,Upgraded
CA-San Jose-Sunnyvale-Santa Clara,Deposits,36.908472,-121.371372,2381230451,1384,8.457520294,233,Premium,Rational,Rational: High risk with high price,Medium,Low,High,Low,High,Low,Below National Avg,Premium,Rational,High,Medium,2.58,Highly Attractive,Pos: HHI | Economic Growth | Neg: International CM | Loan Growth,Top Pos: HHI | Top Neg: Loan Growth,1017.07,3.371393927,-0.260547724,0.236366692,3.602907157,1720542.233,87.91619401,-0.421254549,88.33744855,0.151887758,0.006659419,0.145228339,61.58690213,61.87978249,Upgraded
CO-Denver-Aurora-Centennial,Credit_Cash_Management,39.434789,-104.901073,361694480,1956,7.405890991,237,Premium,Rational,Rational: High risk with high price,High,Medium,High,High,Medium,Medium,At National Avg,Premium,Rational,High,Low,2.25,Highly Attractive,Pos: Economic Growth | Premium Discount | Neg: Risk | International CM,Top Pos: Economic Growth | Top Neg: International CM,1048.76,3.466607211,2.610640739,0.198035478,2.944723891,184915.3783,0.668055041,-0.421254549,1.08930959,0.028351441,0.006659419,0.021692022,0.476143961,0.76902432,Upgraded
CO-Denver-Aurora-Centennial,Deposits,39.434789,-104.901073,3868367629,1955,7.405890991,237,Premium,Rational,Rational: High risk with high price,High,Medium,High,High,Medium,Medium,At National Avg,Premium,Rational,High,Low,2.25,Highly Attractive,Pos: Economic Growth | Premium Discount | Neg: Risk | International CM,Top Pos: Economic Growth | Top Neg: International CM,1048.76,3.466607211,2.610640739,0.198035478,2.944723891,1978704.67,0.668055041,-0.421254549,1.08930959,0.028351441,0.006659419,0.021692022,0.476143961,0.76902432,Upgraded
CT-Hartford-East Hartford-Middletown,Credit_Cash_Management,41.688038,-72.545112,20360540,128,8.143628559,240,Premium,Rational,Rational: High risk with high price,Low,High,Medium,Low,High,Low,Below National Avg,Premium,Rational,Low,Low,2.09,Attractive,Pos: Risk Migration | Premium Discount | Neg: Loan Growth | International CM,Top Pos: Risk Migration | Top Neg: International CM,2135.89,2.280894101,-0.496889325,0.208020534,2.84005217,159066.7188,4.8237042,-0.421254549,5.244958749,0.023821509,0.006659419,0.017162089,3.383739392,3.676619751,Upgraded
CT-Hartford-East Hartford-Middletown,Deposits,41.688038,-72.545112,205769018,128,8.143628559,240,Premium,Rational,Rational: High risk with high price,Low,High,Medium,Low,High,Low,Below National Avg,Premium,Rational,High,Low,2.09,Attractive,Pos: Risk Migration | Premium Discount | Neg: Loan Growth | International CM,Top Pos: Risk Migration | Top Neg: International CM,2135.89,2.280894101,-0.496889325,0.208020534,2.84005217,1607570.453,4.8237042,-0.421254549,5.244958749,0.023821509,0.006659419,0.017162089,3.383739392,3.676619751,Upgraded
DC-VA-MD-WV-Washington-Arlington-Alexandria,Credit_Cash_Management,38.829787,-77.495684,641434566,4006,7.853386458,218,Discount,Underpriced (Risk),Irrational: High risk with low price - Underpriced (Risk),High,Medium,Medium,Medium,High,High,Above National Avg,Discount,Underpriced (Risk),Low,Low,1.52,Challenging,Pos: HHI | Economic Growth | Neg: Relative Risk Migration | International CM,Top Pos: HHI | Top Neg: International CM,1081.98,2.735127247,0.074464306,0.192266353,2.409389723,160118.4638,-0.85344637,-0.421254549,-0.432191821,0.063541579,0.006659419,0.05688216,-0.578349985,-0.285469627,Upgraded
DC-VA-MD-WV-Washington-Arlington-Alexandria,Deposits,38.829787,-77.495684,7369715162,4004,7.853386458,218,Discount,Underpriced (Risk),Irrational: High risk with low price - Underpriced (Risk),High,Medium,Medium,Medium,High,High,Above National Avg,Discount,Underpriced (Risk),Low,Low,1.52,Challenging,Pos: HHI | Economic Growth | Neg: Relative Risk Migration | International CM,Top Pos: HHI | Top Neg: International CM,1081.98,2.735127247,0.074464306,0.192266353,2.409389723,1840588.202,-0.85344637,-0.421254549,-0.432191821,0.063541579,0.006659419,0.05688216,-0.578349985,-0.285469627,Upgraded
FL-Jacksonville,Credit_Cash_Management,30.234184,-81.756033,126812860,703,8.650934167,229,Par,Underpriced (Risk),Irrational: High risk with low price - Underpriced (Risk),Low,Medium,High,Low,High,Low,Below National Avg,Par,Underpriced (Risk),High,Low,2.11,Attractive,Pos: Economic Growth | Risk Migration | Neg: Loan Growth | International CM,Top Pos: Economic Growth | Top Neg: International CM,1235.65,4.326374312,-0.629993113,0.213024374,3.056840406,180388.1366,2.338996568,-0.421254549,2.760251117,0.331594255,0.006659419,0.324934836,1.736775874,2.029656233,Upgraded
FL-Jacksonville,Deposits,30.234184,-81.756033,1341292523,703,8.650934167,229,Par,Underpriced (Risk),Irrational: High risk with low price - Underpriced (Risk),Low,Medium,High,Low,High,Low,Below National Avg,Par,Underpriced (Risk),High,Low,2.11,Attractive,Pos: Economic Growth | Risk Migration | Neg: Loan Growth | International CM,Top Pos: Economic Growth | Top Neg: International CM,1235.65,4.326374312,-0.629993113,0.213024374,3.056840406,1907955.225,2.338996568,-0.421254549,2.760251117,0.331594255,0.006659419,0.324934836,1.736775874,2.029656233,Upgraded
FL-Miami-Fort Lauderdale-West Palm Beach,Credit_Cash_Management,26.101828,-80.478755,547875693,3503,7.283541831,242,Premium,Overpriced (Opportunity),Irrational: Low risk with high price - Overpriced (Opportunity),High,Low,High,High,Low,Low,Below National Avg,Premium,Overpriced (Opportunity),Low,Low,2.64,Highly Attractive,Pos: HHI | Economic Growth | Neg: International CM | Risk,Top Pos: HHI | Top Neg: Risk,644.44,4.017602649,0.454867461,0.215769596,2.49725075,156401.8536,3.602118027,-0.421254549,4.023372576,0.220596493,0.006659419,0.213937073,2.587661567,2.880541925,Downgraded
FL-Miami-Fort Lauderdale-West Palm Beach,Deposits,26.101828,-80.478755,5931529012,3499,7.283541831,242,Premium,Overpriced (Opportunity),Irrational: Low risk with high price - Overpriced (Opportunity),High,Low,High,High,Low,Low,Below National Avg,Premium,Overpriced (Opportunity),Low,Low,2.64,Highly Attractive,Pos: HHI | Economic Growth | Neg: International CM | Risk,Top Pos: HHI | Top Neg: Risk,644.44,4.017602649,0.454867461,0.215769596,2.49725075,1695206.92,3.602118027,-0.421254549,4.023372576,0.220596493,0.006659419,0.213937073,2.587661567,2.880541925,Downgraded
FL-Orlando-Kissimmee-Sanford,Credit_Cash_Management,28.434398,-81.35606,168698481,1083,5.627642961,229,Par,Rational,Rational: Low risk with low price,Low,Low,High,Medium,Low,High,Above National Avg,Par,Rational,Low,Medium,1.96,Neutral,Pos: HHI | Economic Growth | Neg: Relative Risk Migration | Risk,Top Pos: HHI | Top Neg: Risk,918.82,4.503338516,0.152880958,0.221532769,2.634771262,155769.6039,-2.004186729,-0.421254549,-1.582932179,0.743991914,0.006659419,0.737332495,-1.179733136,-0.886852777,Downgraded
FL-Orlando-Kissimmee-Sanford,Deposits,28.434398,-81.35606,1831179315,1082,5.627642961,229,Par,Rational,Rational: Low risk with low price,Low,Low,High,Medium,Low,High,Above National Avg,Par,Rational,Medium,Medium,1.96,Neutral,Pos: HHI | Economic Growth | Neg: Relative Risk Migration | Risk,Top Pos: HHI | Top Neg: Risk,918.82,4.503338516,0.152880958,0.221532769,2.634771262,1692402.324,-2.004186729,-0.421254549,-1.582932179,0.743991914,0.006659419,0.737332495,-1.179733136,-0.886852777,Downgraded
FL-Tampa-St. Petersburg-Clearwater,Credit_Cash_Management,28.120541,-82.525188,224824673,1401,6.896772232,229,Par,Rational,Rational: Low risk with low price,Medium,Low,High,Low,High,Medium,At National Avg,Par,Rational,Low,Medium,2.24,Highly Attractive,Pos: HHI | Economic Growth | Neg: International CM | Loan Growth,Top Pos: HHI | Top Neg: Loan Growth,860.08,4.333329218,-0.366533004,0.222005562,2.621665025,160474.4276,-0.159572643,-0.421254549,0.261681906,0.058090995,0.006659419,0.051431576,-0.094273552,0.198606807,Upgraded
FL-Tampa-St. Petersburg-Clearwater,Deposits,28.120541,-82.525188,2410278788,1401,6.896772232,229,Par,Rational,Rational: Low risk with low price,Medium,Low,High,Low,High,Medium,At National Avg,Par,Rational,Medium,Medium,2.24,Highly Attractive,Pos: HHI | Economic Growth | Neg: International CM | Loan Growth,Top Pos: HHI | Top Neg: Loan Growth,860.08,4.333329218,-0.366533004,0.222005562,2.621665025,1720398.849,-0.159572643,-0.421254549,0.261681906,0.058090995,0.006659419,0.051431576,-0.094273552,0.198606807,Upgraded
GA-Atlanta-Sandy Springs-Roswell,Credit_Cash_Management,33.732402,-84.392848,627577535,3627,9.02698712,209,Discount,Underpriced (Risk),Irrational: High risk with low price - Underpriced (Risk),High,Low,High,Medium,High,Low,Below National Avg,Discount,Underpriced (Risk),High,Medium,2.32,Highly Attractive,Pos: HHI | Economic Growth | Neg: Premium Discount | Pricing Rationality,Top Pos: HHI | Top Neg: Pricing Rationality,992.91,3.196892742,0.110255519,0.235742865,2.63390207,173029.3728,2.141911033,-0.421254549,2.563165583,0.303558074,0.006659419,0.296898655,1.590405145,1.883285504,Upgraded
GA-Atlanta-Sandy Springs-Roswell,Deposits,33.732402,-84.392848,7143814791,3626,9.02698712,209,Discount,Underpriced (Risk),Irrational: High risk with low price - Underpriced (Risk),High,Low,High,Medium,High,Low,Below National Avg,Discount,Underpriced (Risk),Medium,Medium,2.32,Highly Attractive,Pos: HHI | Economic Growth | Neg: Premium Discount | Pricing Rationality,Top Pos: HHI | Top Neg: Pricing Rationality,992.91,3.196892742,0.110255519,0.235742865,2.63390207,1970164.035,2.141911033,-0.421254549,2.563165583,0.303558074,0.006659419,0.296898655,1.590405145,1.883285504,Upgraded
IL-IN-Chicago-Naperville-Elgin,Credit_Cash_Management,41.75878,-87.841887,1171931252,6577,6.821407353,226,Discount,Rational,Rational: Low risk with low price,High,Medium,Low,Medium,Low,High,Above National Avg,Discount,Rational,High,High,1.55,Challenging,Pos: International CM | HHI | Neg: Relative Risk Migration | Risk,Top Pos: International CM | Top Neg: Risk,1027.89,1.411162496,0.110812878,0.239501255,2.621023347,178186.2934,-2.274696347,-0.421254549,-1.853441798,0.174104784,0.006659419,0.167445365,-1.540056008,-1.247175649,Downgraded
IL-IN-Chicago-Naperville-Elgin,Deposits,41.75878,-87.841887,12775980715,6572,6.821407353,226,Discount,Rational,Rational: Low risk with low price,High,Medium,Low,Medium,Low,High,Above National Avg,Discount,Rational,Medium,High,1.55,Challenging,Pos: International CM | HHI | Neg: Relative Risk Migration | Risk,Top Pos: International CM | Top Neg: Risk,1027.89,1.411162496,0.110812878,0.239501255,2.621023347,1944001.935,-2.274696347,-0.421254549,-1.853441798,0.174104784,0.006659419,0.167445365,-1.540056008,-1.247175649,Downgraded
IN-Indianapolis-Carmel-Greenwood,Credit_Cash_Management,39.790533,-86.12426,217607563,1319,7.125391947,226,Discount,Rational,Rational: Low risk with low price,Medium,Low,Medium,Low,Medium,Low,Below National Avg,Discount,Rational,Medium,Medium,2.13,Attractive,Pos: HHI | Risk Migration | Neg: Premium Discount | Loan Growth,Top Pos: HHI | Top Neg: Loan Growth,813.92,1.896691022,-0.365919323,0.220267786,2.369629464,164979.1986,3.838656651,-0.421254549,4.2599112,0.485321341,0.006659419,0.478661921,2.832656058,3.125536416,Upgraded
IN-Indianapolis-Carmel-Greenwood,Deposits,39.790533,-86.12426,2510535349,1316,7.125391947,226,Discount,Rational,Rational: Low risk with low price,Medium,Low,Medium,Low,Medium,Low,Below National Avg,Discount,Rational,Low,Medium,2.13,Attractive,Pos: HHI | Risk Migration | Neg: Premium Discount | Loan Growth,Top Pos: HHI | Top Neg: Loan Growth,813.92,1.896691022,-0.365919323,0.220267786,2.369629464,1907701.633,3.838656651,-0.421254549,4.2599112,0.485321341,0.006659419,0.478661921,2.832656058,3.125536416,Upgraded
KY-IN-Louisville/Jefferson County,Credit_Cash_Management,38.224363,-85.701989,139075225,819,7.152304334,226,Discount,Rational,Rational: Low risk with low price,Low,High,Low,Low,Low,Medium,At National Avg,Discount,Rational,Medium,Medium,1.44,Challenging,Pos: Risk Migration | Pricing Rationality | Neg: Loan Growth | Risk,Top Pos: Risk Migration | Top Neg: Risk,1665.99,1.586308064,-0.617333557,0.229809044,2.766542919,169811.0195,-0.110443307,-0.421254549,0.310811242,2.82262088,0.006659419,2.815961461,0.769475949,1.062356308,Downgraded
KY-IN-Louisville/Jefferson County,Deposits,38.224363,-85.701989,1474791063,818,7.152304334,226,Discount,Rational,Rational: Low risk with low price,Low,High,Low,Low,Low,Medium,At National Avg,Discount,Rational,High,Medium,1.44,Challenging,Pos: Risk Migration | Pricing Rationality | Neg: Loan Growth | Risk,Top Pos: Risk Migration | Top Neg: Risk,1665.99,1.586308064,-0.617333557,0.229809044,2.766542919,1802923.06,-0.110443307,-0.421254549,0.310811242,2.82262088,0.006659419,2.815961461,0.769475949,1.062356308,Downgraded
MA-NH-Boston-Cambridge-Newton,Credit_Cash_Management,42.517606,-71.021993,751050445,4239,7.017127678,244,Premium,Overpriced (Opportunity),Irrational: Low risk with high price - Overpriced (Opportunity),High,Low,Low,Low,High,High,Above National Avg,Premium,Overpriced (Opportunity),High,Medium,2,Neutral,Pos: HHI | Premium Discount | Neg: Loan Growth | Relative Risk Migration,Top Pos: HHI | Top Neg: Relative Risk Migration,860.15,1.492519355,-0.355386326,0.225183754,2.694330083,177176.3258,-3.052991,-0.421254549,-2.63173645,0.083928917,0.006659419,0.077269497,-2.111915025,-1.819034666,Upgraded
MA-NH-Boston-Cambridge-Newton,Deposits,42.517606,-71.021993,7829316252,4239,7.017127678,244,Premium,Overpriced (Opportunity),Irrational: Low risk with high price - Overpriced (Opportunity),High,Low,Low,Low,High,High,Above National Avg,Premium,Overpriced (Opportunity),Medium,Medium,2,Neutral,Pos: HHI | Premium Discount | Neg: Loan Growth | Relative Risk Migration,Top Pos: HHI | Top Neg: Relative Risk Migration,860.15,1.492519355,-0.355386326,0.225183754,2.694330083,1846972.459,-3.052991,-0.421254549,-2.63173645,0.083928917,0.006659419,0.077269497,-2.111915025,-1.819034666,Upgraded
MD-Baltimore-Columbia-Towson,Credit_Cash_Management,39.304361,-76.549501,250318322,1489,7.283186367,225,Discount,Rational,Rational: Low risk with low price,Medium,Medium,Low,High,Low,Medium,At National Avg,Discount,Rational,Medium,Low,1.67,Challenging,Pos: Loan Growth | HHI | Neg: International CM | Risk,Top Pos: Loan Growth | Top Neg: Risk,1332.93,1.600086879,1.500065681,0.199556725,2.620462002,168111.7005,0.762910156,-0.421254549,1.184164705,0.083354679,0.006659419,0.076695259,0.559043513,0.851923871,Downgraded
MD-Baltimore-Columbia-Towson,Deposits,39.304361,-76.549501,2614794898,1487,7.283186367,225,Discount,Rational,Rational: Low risk with low price,Medium,Medium,Low,High,Low,Medium,At National Avg,Discount,Rational,Medium,Low,1.67,Challenging,Pos: Loan Growth | HHI | Neg: International CM | Risk,Top Pos: Loan Growth | Top Neg: Risk,1332.93,1.600086879,1.500065681,0.199556725,2.620462002,1758436.381,0.762910156,-0.421254549,1.184164705,0.083354679,0.006659419,0.076695259,0.559043513,0.851923871,Downgraded
MI-Detroit-Warren-Dearborn,Credit_Cash_Management,42.721848,-83.200846,422319986,2604,7.726032796,235,Premium,Rational,Rational: High risk with high price,High,Medium,Low,Low,Medium,Medium,At National Avg,Premium,Rational,Low,High,1.99,Neutral,Pos: Premium Discount | International CM | Neg: Economic Growth | Loan Growth,Top Pos: Premium Discount | Top Neg: Loan Growth,1311.17,1.781663384,-0.409509497,0.259569199,3.321913063,162181.2542,0.398451047,-0.421254549,0.819705597,0.150618589,0.006659419,0.143959169,0.32410131,0.616981668,Upgraded
MI-Detroit-Warren-Dearborn,Deposits,42.721848,-83.200846,4695151712,2601,7.726032796,235,Premium,Rational,Rational: High risk with high price,High,Medium,Low,Low,Medium,Medium,At National Avg,Premium,Rational,High,High,1.99,Neutral,Pos: Premium Discount | International CM | Neg: Economic Growth | Loan Growth,Top Pos: Premium Discount | Top Neg: Loan Growth,1311.17,1.781663384,-0.409509497,0.259569199,3.321913063,1805133.3,0.398451047,-0.421254549,0.819705597,0.150618589,0.006659419,0.143959169,0.32410131,0.616981668,Upgraded
MI-Grand Rapids-Wyoming-Kentwood,Credit_Cash_Management,42.979841,-85.715614,120620902,820,8.180128096,228,Par,Underpriced (Risk),Irrational: High risk with low price - Underpriced (Risk),Low,Medium,Low,Medium,Medium,Medium,At National Avg,Par,Underpriced (Risk),Low,High,1.85,Challenging,Pos: International CM | HHI | Neg: Economic Growth | Pricing Rationality,Top Pos: International CM | Top Neg: Pricing Rationality,1278.48,1.150010145,0.163701558,0.252570187,2.552603407,147098.661,0.49155176,-0.421254549,0.912806309,0.154163967,0.006659419,0.147504548,0.390335422,0.683215781,Upgraded
MI-Grand Rapids-Wyoming-Kentwood,Deposits,42.979841,-85.715614,1350023247,819,8.180128096,228,Par,Underpriced (Risk),Irrational: High risk with low price - Underpriced (Risk),Low,Medium,Low,Medium,Medium,Medium,At National Avg,Par,Underpriced (Risk),Low,High,1.85,Challenging,Pos: International CM | HHI | Neg: Economic Growth | Pricing Rationality,Top Pos: International CM | Top Neg: Pricing Rationality,1278.48,1.150010145,0.163701558,0.252570187,2.552603407,1648380.033,0.49155176,-0.421254549,0.912806309,0.154163967,0.006659419,0.147504548,0.390335422,0.683215781,Upgraded
MN-WI-Minneapolis-St. Paul-Bloomington,Credit_Cash_Management,45.096664,-93.275361,469995361,2831,6.241408663,228,Par,Rational,Rational: Low risk with low price,High,Medium,Medium,High,High,Low,Below National Avg,Par,Rational,Medium,Low,2.3,Highly Attractive,Pos: Risk Migration | Loan Growth | Neg: Pricing Rationality | International CM,Top Pos: Risk Migration | Top Neg: International CM,1339.19,1.950295273,0.361119737,0.218191929,2.589315291,166017.4359,3.356389762,-0.421254549,3.777644312,0.381412967,0.006659419,0.374753548,2.463896724,2.756777083,Upgraded
MN-WI-Minneapolis-St. Paul-Bloomington,Deposits,45.096664,-93.275361,5292266700,2828,6.241408663,228,Par,Rational,Rational: Low risk with low price,High,Medium,Medium,High,High,Low,Below National Avg,Par,Rational,Low,Low,2.3,Highly Attractive,Pos: Risk Migration | Loan Growth | Neg: Pricing Rationality | International CM,Top Pos: Risk Migration | Top Neg: International CM,1339.19,1.950295273,0.361119737,0.218191929,2.589315291,1871381.436,3.356389762,-0.421254549,3.777644312,0.381412967,0.006659419,0.374753548,2.463896724,2.756777083,Upgraded
MO-IL-St. Louis,Credit_Cash_Management,38.740211,-90.345825,328576052,1866,8.03733741,224,Discount,Underpriced (Risk),Irrational: High risk with low price - Underpriced (Risk),High,Low,Medium,Low,High,Low,Below National Avg,Discount,Underpriced (Risk),High,Medium,2.09,Attractive,Pos: HHI | Risk Migration | Neg: Pricing Rationality | Loan Growth,Top Pos: HHI | Top Neg: Loan Growth,938.83,2.519521859,-0.835886513,0.232604904,2.569177742,176085.7728,2.184907141,-0.421254549,2.60616169,0.057583531,0.006659419,0.050924112,1.546710058,1.839590417,Upgraded
MO-IL-St. Louis,Deposits,38.740211,-90.345825,3607411376,1863,8.03733741,224,Discount,Underpriced (Risk),Irrational: High risk with low price - Underpriced (Risk),High,Low,Medium,Low,High,Low,Below National Avg,Discount,Underpriced (Risk),Low,Medium,2.09,Attractive,Pos: HHI | Risk Migration | Neg: Pricing Rationality | Loan Growth,Top Pos: HHI | Top Neg: Loan Growth,938.83,2.519521859,-0.835886513,0.232604904,2.569177742,1936345.344,2.184907141,-0.421254549,2.60616169,0.057583531,0.006659419,0.050924112,1.546710058,1.839590417,Upgraded
MO-KS-Kansas City,Credit_Cash_Management,38.931857,-94.443841,255926039,1468,8.25563282,224,Discount,Underpriced (Risk),Irrational: High risk with low price - Underpriced (Risk),Medium,Medium,Medium,Low,Low,Low,Below National Avg,Discount,Underpriced (Risk),High,High,1.9,Neutral,Pos: Risk Migration | Relative Risk Migration | Neg: Loan Growth | Risk,Top Pos: Risk Migration | Top Neg: Risk,1094.31,2.659257971,-0.593563659,0.238637975,2.510361361,174336.5388,23.35524808,-0.421254549,23.77650263,0.006865869,0.006659419,0.00020645,16.35073342,16.64361378,Downgraded
MO-KS-Kansas City,Deposits,38.931857,-94.443841,2851667385,1467,8.25563282,224,Discount,Underpriced (Risk),Irrational: High risk with low price - Underpriced (Risk),Medium,Medium,Medium,Low,Low,Low,Below National Avg,Discount,Underpriced (Risk),Low,High,1.9,Neutral,Pos: Risk Migration | Relative Risk Migration | Neg: Loan Growth | Risk,Top Pos: Risk Migration | Top Neg: Risk,1094.31,2.659257971,-0.593563659,0.238637975,2.510361361,1943876.881,23.35524808,-0.421254549,23.77650263,0.006865869,0.006659419,0.00020645,16.35073342,16.64361378,Downgraded
NC-Raleigh-Cary,Credit_Cash_Management,35.756746,-78.460441,104739667,680,6.360499972,213,Discount,Rational,Rational: Low risk with low price,Low,High,High,High,Low,Medium,At National Avg,Discount,Rational,Low,Low,1.8,Challenging,Pos: Economic Growth | Loan Growth | Neg: International CM | Risk,Top Pos: Economic Growth | Top Neg: Risk,1558.39,4.552584507,0.453929279,0.215289534,2.658053117,154028.9221,0.716100664,-0.421254549,1.137355213,0.163771992,0.006659419,0.157112573,0.550402062,0.843282421,Downgraded
NC-Raleigh-Cary,Deposits,35.756746,-78.460441,1276817463,680,6.360499972,213,Discount,Rational,Rational: Low risk with low price,Low,High,High,High,Low,Medium,At National Avg,Discount,Rational,Medium,Low,1.8,Challenging,Pos: Economic Growth | Loan Growth | Neg: International CM | Risk,Top Pos: Economic Growth | Top Neg: Risk,1558.39,4.552584507,0.453929279,0.215289534,2.658053117,1877672.74,0.716100664,-0.421254549,1.137355213,0.163771992,0.006659419,0.157112573,0.550402062,0.843282421,Downgraded
NC-SC-Charlotte-Concord-Gastonia,Credit_Cash_Management,35.166342,-80.797285,260687121,1567,6.363993972,225,Discount,Rational,Rational: Low risk with low price,Medium,Medium,High,High,Low,Low,Below National Avg,Discount,Rational,Medium,High,2.35,Highly Attractive,Pos: Economic Growth | Risk Migration | Neg: Premium Discount | Risk,Top Pos: Economic Growth | Top Neg: Risk,1206.98,4.661813452,0.970910818,0.260142127,3.043659002,166360.6388,1.185827065,-0.421254549,1.607081614,0.102546212,0.006659419,0.095886792,0.860842809,1.153723167,Downgraded
NC-SC-Charlotte-Concord-Gastonia,Deposits,35.166342,-80.797285,3023575217,1567,6.363993972,225,Discount,Rational,Rational: Low risk with low price,Medium,Medium,High,High,Low,Low,Below National Avg,Discount,Rational,High,High,2.35,Highly Attractive,Pos: Economic Growth | Risk Migration | Neg: Premium Discount | Risk,Top Pos: Economic Growth | Top Neg: Risk,1206.98,4.661813452,0.970910818,0.260142127,3.043659002,1929531.089,1.185827065,-0.421254549,1.607081614,0.102546212,0.006659419,0.095886792,0.860842809,1.153723167,Downgraded
NV-Las Vegas-Henderson-North Las Vegas,Credit_Cash_Management,36.21413,-115.014398,114681078,701,6.742457147,238,Premium,Overpriced (Opportunity),Irrational: Low risk with high price - Overpriced (Opportunity),Low,High,Medium,Low,High,Low,Below National Avg,Premium,Overpriced (Opportunity),Low,High,2.41,Highly Attractive,Pos: Risk Migration | Premium Discount | Neg: HHI | Loan Growth,Top Pos: Risk Migration | Top Neg: Loan Growth,2087.71,3.150568165,-0.460019863,0.261108618,2.494018439,163596.4023,16.52079131,-0.421254549,16.94204586,0.65263194,0.006659419,0.645972521,11.7603435,12.05322386,Upgraded
NV-Las Vegas-Henderson-North Las Vegas,Deposits,36.21413,-115.014398,1324263007,700,6.742457147,238,Premium,Overpriced (Opportunity),Irrational: Low risk with high price - Overpriced (Opportunity),Low,High,Medium,Low,High,Low,Below National Avg,Premium,Overpriced (Opportunity),Low,High,2.41,Highly Attractive,Pos: Risk Migration | Premium Discount | Neg: HHI | Loan Growth,Top Pos: Risk Migration | Top Neg: Loan Growth,2087.71,3.150568165,-0.460019863,0.261108618,2.494018439,1891804.296,16.52079131,-0.421254549,16.94204586,0.65263194,0.006659419,0.645972521,11.7603435,12.05322386,Upgraded
NY-NJ-New York-Newark-Jersey City,Credit_Cash_Management,40.735425,-73.80773,2368603739,12848,7.24547143,239,Premium,Overpriced (Opportunity),Irrational: Low risk with high price - Overpriced (Opportunity),High,Low,Low,High,Medium,High,Above National Avg,Premium,Overpriced (Opportunity),High,Low,2.02,Attractive,Pos: HHI | Premium Discount | Neg: Relative Risk Migration | International CM,Top Pos: HHI | Top Neg: International CM,973.55,1.609320779,0.294490669,0.211852479,2.570443572,184355.8327,-0.709493267,-0.421254549,-0.288238717,0.167390972,0.006659419,0.160731552,-0.446427995,-0.153547637,Upgraded
NY-NJ-New York-Newark-Jersey City,Deposits,40.735425,-73.80773,25011066939,12842,7.24547143,239,Premium,Overpriced (Opportunity),Irrational: Low risk with high price - Overpriced (Opportunity),High,Low,Low,High,Medium,High,Above National Avg,Premium,Overpriced (Opportunity),Low,Low,2.02,Attractive,Pos: HHI | Premium Discount | Neg: Relative Risk Migration | International CM,Top Pos: HHI | Top Neg: International CM,973.55,1.609320779,0.294490669,0.211852479,2.570443572,1947599.045,-0.709493267,-0.421254549,-0.288238717,0.167390972,0.006659419,0.160731552,-0.446427995,-0.153547637,Upgraded
OH-Cleveland,Credit_Cash_Management,41.667548,-81.43052,263207085,1554,7.811025767,232,Par,Rational,Rational: High risk with high price,Medium,Medium,Low,High,Low,High,Above National Avg,Par,Rational,Medium,High,1.77,Challenging,Pos: Loan Growth | International CM | Neg: Relative Risk Migration | Risk,Top Pos: Loan Growth | Top Neg: Risk,1346.15,-1.391647202,1.171185192,0.249978723,2.941769348,169373.9286,-1.923470951,-0.421254549,-1.502216401,0.00770718,0.006659419,0.001047761,-1.344117512,-1.051237153,Downgraded
OH-Cleveland,Deposits,41.667548,-81.43052,2950547391,1553,7.811025767,232,Par,Rational,Rational: High risk with high price,Medium,Medium,Low,High,Low,High,Above National Avg,Par,Rational,High,High,1.77,Challenging,Pos: Loan Growth | International CM | Neg: Relative Risk Migration | Risk,Top Pos: Loan Growth | Top Neg: Risk,1346.15,-1.391647202,1.171185192,0.249978723,2.941769348,1899901.733,-1.923470951,-0.421254549,-1.502216401,0.00770718,0.006659419,0.001047761,-1.344117512,-1.051237153,Downgraded
OH-Columbus,Credit_Cash_Management,39.968562,-82.835911,226821410,1202,6.848908974,235,Premium,Overpriced (Opportunity),Irrational: Low risk with high price - Overpriced (Opportunity),Medium,High,Low,Low,Medium,Medium,At National Avg,Premium,Overpriced (Opportunity),High,High,1.98,Neutral,Pos: Premium Discount | Pricing Rationality | Neg: Economic Growth | Loan Growth,Top Pos: Premium Discount | Top Neg: Loan Growth,1971.08,1.765288585,-0.267629375,0.239248976,2.578882165,188703.3361,0.930915874,-0.421254549,1.352170423,0.292075061,0.006659419,0.285415642,0.73926363,1.032143989,Upgraded
OH-Columbus,Deposits,39.968562,-82.835911,2437658406,1201,6.848908974,235,Premium,Overpriced (Opportunity),Irrational: Low risk with high price - Overpriced (Opportunity),Medium,High,Low,Low,Medium,Medium,At National Avg,Premium,Overpriced (Opportunity),Low,High,1.98,Neutral,Pos: Premium Discount | Pricing Rationality | Neg: Economic Growth | Loan Growth,Top Pos: Premium Discount | Top Neg: Loan Growth,1971.08,1.765288585,-0.267629375,0.239248976,2.578882165,2029690.596,0.930915874,-0.421254549,1.352170423,0.292075061,0.006659419,0.285415642,0.73926363,1.032143989,Upgraded
OH-KY-IN-Cincinnati,Credit_Cash_Management,39.078595,-84.463535,248446618,1458,6.683284483,223,Discount,Rational,Rational: Low risk with low price,Medium,Medium,Low,Medium,Medium,Medium,At National Avg,Discount,Rational,Medium,Medium,1.75,Challenging,Pos: HHI | Risk Migration | Neg: Economic Growth | Premium Discount,Top Pos: HHI | Top Neg: Premium Discount,1333.16,1.695210457,-0.189018013,0.23291915,2.662175365,170402.3443,0.409598227,-0.421254549,0.830852776,0.447526703,0.006659419,0.440867284,0.42097677,0.713857129,Upgraded
OH-KY-IN-Cincinnati,Deposits,39.078595,-84.463535,2660625347,1457,6.683284483,223,Discount,Rational,Rational: Low risk with low price,Medium,Medium,Low,Medium,Medium,Medium,At National Avg,Discount,Rational,Medium,Medium,1.75,Challenging,Pos: HHI | Risk Migration | Neg: Economic Growth | Premium Discount,Top Pos: HHI | Top Neg: Premium Discount,1333.16,1.695210457,-0.189018013,0.23291915,2.662175365,1826098.385,0.409598227,-0.421254549,0.830852776,0.447526703,0.006659419,0.440867284,0.42097677,0.713857129,Upgraded
OK-Oklahoma City,Credit_Cash_Management,35.430968,-97.506966,130572896,716,7,239,Premium,Overpriced (Opportunity),Irrational: Low risk with high price - Overpriced (Opportunity),Low,High,High,Low,High,High,Above National Avg,Premium,Overpriced (Opportunity),High,Low,1.9,Neutral,Pos: Economic Growth | Premium Discount | Neg: Relative Risk Migration | International CM,Top Pos: Economic Growth | Top Neg: International CM,1846.52,6.910965061,-0.768671205,0.1765503,2.662310539,182364.3799,-1.995031537,-0.421254549,-1.573776988,0.884967905,0.006659419,0.878308486,-1.131031705,-0.838151346,Upgraded
OK-Oklahoma City,Deposits,35.430968,-97.506966,1311624879,714,7,239,Premium,Overpriced (Opportunity),Irrational: Low risk with high price - Overpriced (Opportunity),Low,High,High,Low,High,High,Above National Avg,Premium,Overpriced (Opportunity),Medium,Low,1.9,Neutral,Pos: Economic Growth | Premium Discount | Neg: Relative Risk Migration | International CM,Top Pos: Economic Growth | Top Neg: International CM,1846.52,6.910965061,-0.768671205,0.1765503,2.662310539,1837009.634,-1.995031537,-0.421254549,-1.573776988,0.884967905,0.006659419,0.878308486,-1.131031705,-0.838151346,Upgraded
OR-WA-Portland-Vancouver-Hillsboro,Credit_Cash_Management,45.600622,-122.484378,220752629,1387,7.148627432,245,Premium,Overpriced (Opportunity),Irrational: Low risk with high price - Overpriced (Opportunity),Medium,High,Medium,High,Medium,High,Above National Avg,Premium,Overpriced (Opportunity),Low,High,2.09,Attractive,Pos: Premium Discount | Pricing Rationality | Neg: Risk Migration | Relative Risk Migration,Top Pos: Premium Discount | Top Neg: Relative Risk Migration,1514.25,1.787714017,0.380695594,0.239637422,2.659831032,159158.3482,-4.487681459,-0.421254549,-4.06642691,0.233597827,0.006659419,0.226938407,-3.071297674,-2.778417315,Upgraded
OR-WA-Portland-Vancouver-Hillsboro,Deposits,45.600622,-122.484378,2417381023,1386,7.148627432,245,Premium,Overpriced (Opportunity),Irrational: Low risk with high price - Overpriced (Opportunity),Medium,High,Medium,High,Medium,High,Above National Avg,Premium,Overpriced (Opportunity),Medium,High,2.09,Attractive,Pos: Premium Discount | Pricing Rationality | Neg: Risk Migration | Relative Risk Migration,Top Pos: Premium Discount | Top Neg: Relative Risk Migration,1514.25,1.787714017,0.380695594,0.239637422,2.659831032,1744142.152,-4.487681459,-0.421254549,-4.06642691,0.233597827,0.006659419,0.226938407,-3.071297674,-2.778417315,Upgraded
PA-NJ-DE-MD-Philadelphia-Camden-Wilmington,Credit_Cash_Management,39.894958,-75.311982,722426107,3988,6.59848263,242,Premium,Overpriced (Opportunity),Irrational: Low risk with high price - Overpriced (Opportunity),High,Low,Medium,Medium,Medium,Low,Below National Avg,Premium,Overpriced (Opportunity),High,Low,2.49,Highly Attractive,Pos: HHI | Risk Migration | Neg: Risk | International CM,Top Pos: HHI | Top Neg: International CM,824.49,2.079240893,-0.051475266,0.21681053,2.616201074,181149.9767,1.467641937,-0.421254549,1.888896487,0.150386643,0.006659419,0.143727224,1.072465349,1.365345708,Upgraded
PA-NJ-DE-MD-Philadelphia-Camden-Wilmington,Deposits,39.894958,-75.311982,7525499297,3984,6.59848263,242,Premium,Overpriced (Opportunity),Irrational: Low risk with high price - Overpriced (Opportunity),High,Low,Medium,Medium,Medium,Low,Below National Avg,Premium,Overpriced (Opportunity),Medium,Low,2.49,Highly Attractive,Pos: HHI | Risk Migration | Neg: Risk | International CM,Top Pos: HHI | Top Neg: International CM,824.49,2.079240893,-0.051475266,0.21681053,2.616201074,1888930.546,1.467641937,-0.421254549,1.888896487,0.150386643,0.006659419,0.143727224,1.072465349,1.365345708,Upgraded
PA-Pittsburgh,Credit_Cash_Management,40.471332,-79.863986,263993149,1581,6.867019578,236,Premium,Overpriced (Opportunity),Irrational: Low risk with high price - Overpriced (Opportunity),Medium,High,Medium,Medium,Low,Medium,At National Avg,Premium,Overpriced (Opportunity),Medium,High,2.13,Attractive,Pos: Premium Discount | Pricing Rationality | Neg: HHI | Risk,Top Pos: Premium Discount | Top Neg: Risk,1614.63,2.924727271,0.017063932,0.261439199,3.079759796,166978.5889,0.650965624,-0.421254549,1.072220173,0.046677791,0.006659419,0.040018372,0.469679274,0.762559633,Downgraded
PA-Pittsburgh,Deposits,40.471332,-79.863986,2792651850,1580,6.867019578,236,Premium,Overpriced (Opportunity),Irrational: Low risk with high price - Overpriced (Opportunity),Medium,High,Medium,Medium,Low,Medium,At National Avg,Premium,Overpriced (Opportunity),High,High,2.13,Attractive,Pos: Premium Discount | Pricing Rationality | Neg: HHI | Risk,Top Pos: Premium Discount | Top Neg: Risk,1614.63,2.924727271,0.017063932,0.261439199,3.079759796,1767501.171,0.650965624,-0.421254549,1.072220173,0.046677791,0.006659419,0.040018372,0.469679274,0.762559633,Downgraded
RI-MA-Providence-Warwick,Credit_Cash_Management,41.70684,-71.286687,143256180,837,8.277872738,246,Premium,Rational,Rational: High risk with high price,Low,Medium,Low,Low,High,Low,Below National Avg,Premium,Rational,Medium,Medium,2.19,Attractive,Pos: Risk Migration | Premium Discount | Neg: Economic Growth | Loan Growth,Top Pos: Risk Migration | Top Neg: Loan Growth,1426.25,1.24854566,-0.845080903,0.233462502,2.665144675,171154.3369,3.629005323,-0.421254549,4.050259873,0.841269795,0.006659419,0.834610376,2.792684665,3.085565024,Upgraded
RI-MA-Providence-Warwick,Deposits,41.70684,-71.286687,1494668063,837,8.277872738,246,Premium,Rational,Rational: High risk with high price,Low,Medium,Low,Low,High,Low,Below National Avg,Premium,Rational,Medium,Medium,2.19,Attractive,Pos: Risk Migration | Premium Discount | Neg: Economic Growth | Loan Growth,Top Pos: Risk Migration | Top Neg: Loan Growth,1426.25,1.24854566,-0.845080903,0.233462502,2.665144675,1785744.4,3.629005323,-0.421254549,4.050259873,0.841269795,0.006659419,0.834610376,2.792684665,3.085565024,Upgraded
TN-MS-AR-Memphis,Credit_Cash_Management,35.010307,-89.820503,107614012,661,9.059674289,211,Discount,Underpriced (Risk),Irrational: High risk with low price - Underpriced (Risk),Low,High,Medium,High,Medium,Low,Below National Avg,Discount,Underpriced (Risk),Low,Medium,1.95,Neutral,Pos: Risk Migration | Loan Growth | Neg: Premium Discount | Pricing Rationality,Top Pos: Risk Migration | Top Neg: Pricing Rationality,1564.6,1.89664114,1.910251419,0.228613151,2.236822232,162804.8593,1.625209346,-0.421254549,2.046463895,0.030250987,0.006659419,0.023591568,1.146721839,1.439602197,Downgraded
TN-MS-AR-Memphis,Deposits,35.010307,-89.820503,1243484532,660,9.059674289,211,Discount,Underpriced (Risk),Irrational: High risk with low price - Underpriced (Risk),Low,High,Medium,High,Medium,Low,Below National Avg,Discount,Underpriced (Risk),Low,Medium,1.95,Neutral,Pos: Risk Migration | Loan Growth | Neg: Premium Discount | Pricing Rationality,Top Pos: Risk Migration | Top Neg: Pricing Rationality,1564.6,1.89664114,1.910251419,0.228613151,2.236822232,1884067.473,1.625209346,-0.421254549,2.046463895,0.030250987,0.006659419,0.023591568,1.146721839,1.439602197,Downgraded
TN-Nashville-Davidson--Murfreesboro--Franklin,Credit_Cash_Management,36.091577,-86.72298,245136651,1343,7.874273338,211,Discount,Underpriced (Risk),Irrational: High risk with low price - Underpriced (Risk),Medium,High,Medium,Medium,Low,Medium,At National Avg,Discount,Underpriced (Risk),High,Low,1.45,Challenging,Pos: Economic Growth | Risk Migration | Neg: International CM | Risk,Top Pos: Economic Growth | Top Neg: Risk,2825.33,3.085816587,0.152208241,0.188874974,3.043675341,182529.1519,-0.502370162,-0.421254549,-0.081115612,0.425895895,0.006659419,0.419236476,-0.223890345,0.068990014,Downgraded
TN-Nashville-Davidson--Murfreesboro--Franklin,Deposits,36.091577,-86.72298,2505216985,1343,7.874273338,211,Discount,Underpriced (Risk),Irrational: High risk with low price - Underpriced (Risk),Medium,High,Medium,Medium,Low,Medium,At National Avg,Discount,Underpriced (Risk),High,Low,1.45,Challenging,Pos: Economic Growth | Risk Migration | Neg: International CM | Risk,Top Pos: Economic Growth | Top Neg: Risk,2825.33,3.085816587,0.152208241,0.188874974,3.043675341,1865388.671,-0.502370162,-0.421254549,-0.081115612,0.425895895,0.006659419,0.419236476,-0.223890345,0.068990014,Downgraded
TX-Austin-Round Rock-San Marcos,Credit_Cash_Management,30.249744,-97.649842,212732652,1316,8.537656672,233,Premium,Rational,Rational: High risk with high price,Medium,Medium,High,Low,High,Medium,At National Avg,Premium,Rational,Low,Low,2.13,Attractive,Pos: Economic Growth | Premium Discount | Neg: Loan Growth | International CM,Top Pos: Economic Growth | Top Neg: International CM,1135.6,4.506084077,-0.404130597,0.201185114,2.844958362,161650.9514,0.628849822,-0.421254549,1.050104371,0.5615242,0.006659419,0.55486478,0.608652135,0.901532494,Upgraded
TX-Austin-Round Rock-San Marcos,Deposits,30.249744,-97.649842,2373245000,1315,8.537656672,233,Premium,Rational,Rational: High risk with high price,Medium,Medium,High,Low,High,Medium,At National Avg,Premium,Rational,High,Low,2.13,Attractive,Pos: Economic Growth | Premium Discount | Neg: Loan Growth | International CM,Top Pos: Economic Growth | Top Neg: International CM,1135.6,4.506084077,-0.404130597,0.201185114,2.844958362,1804749.049,0.628849822,-0.421254549,1.050104371,0.5615242,0.006659419,0.55486478,0.608652135,0.901532494,Upgraded
TX-Dallas-Fort Worth-Arlington,Credit_Cash_Management,32.849171,-96.970489,919205057,4938,6.989260612,216,Discount,Rational,Rational: Low risk with low price,High,Low,Medium,High,Low,High,Above National Avg,Discount,Rational,High,Medium,1.81,Challenging,Pos: HHI | Loan Growth | Neg: Relative Risk Migration | Risk,Top Pos: HHI | Top Neg: Risk,738.64,3.182224571,0.488489314,0.221345342,2.715477382,186149.2623,-0.736044762,-0.421254549,-0.314790213,0.242462121,0.006659419,0.235802702,-0.442492697,-0.149612338,Downgraded
TX-Dallas-Fort Worth-Arlington,Deposits,32.849171,-96.970489,9915857045,4932,6.989260612,216,Discount,Rational,Rational: Low risk with low price,High,Low,Medium,High,Low,High,Above National Avg,Discount,Rational,Medium,Medium,1.81,Challenging,Pos: HHI | Loan Growth | Neg: Relative Risk Migration | Risk,Top Pos: HHI | Top Neg: Risk,738.64,3.182224571,0.488489314,0.221345342,2.715477382,2010514.405,-0.736044762,-0.421254549,-0.314790213,0.242462121,0.006659419,0.235802702,-0.442492697,-0.149612338,Downgraded
TX-Houston-Pasadena-The Woodlands,Credit_Cash_Management,29.801005,-95.34262,900616264,4975,8.688082231,226,Discount,Underpriced (Risk),Irrational: High risk with low price - Underpriced (Risk),High,Low,High,Medium,Medium,High,Above National Avg,Discount,Underpriced (Risk),High,High,1.9,Neutral,Pos: HHI | Economic Growth | Neg: Pricing Rationality | Relative Risk Migration,Top Pos: HHI | Top Neg: Relative Risk Migration,796.99,5.391730806,-0.072215394,0.279039642,2.819948248,181028.3948,-1.587457398,-0.421254549,-1.166202849,0.032992778,0.006659419,0.026333358,-1.101322345,-0.808441987,Upgraded
TX-Houston-Pasadena-The Woodlands,Deposits,29.801005,-95.34262,10177462455,4974,8.688082231,226,Discount,Underpriced (Risk),Irrational: High risk with low price - Underpriced (Risk),High,Low,High,Medium,Medium,High,Above National Avg,Discount,Underpriced (Risk),High,High,1.9,Neutral,Pos: HHI | Economic Growth | Neg: Pricing Rationality | Relative Risk Migration,Top Pos: HHI | Top Neg: Relative Risk Migration,796.99,5.391730806,-0.072215394,0.279039642,2.819948248,2046132.379,-1.587457398,-0.421254549,-1.166202849,0.032992778,0.006659419,0.026333358,-1.101322345,-0.808441987,Upgraded
TX-San Antonio-New Braunfels,Credit_Cash_Management,29.43306,-98.606973,164387610,976,9.134505456,233,Premium,Rational,Rational: High risk with high price,Low,Medium,High,Low,Medium,Medium,At National Avg,Premium,Rational,Medium,Low,2.05,Attractive,Pos: Economic Growth | Premium Discount | Neg: Loan Growth | International CM,Top Pos: Economic Growth | Top Neg: International CM,1333.46,4.596187984,-0.831076197,0.217244411,2.542514369,168429.9283,-0.274625591,-0.421254549,0.146628958,0.260813347,0.006659419,0.254153928,-0.11399391,0.178886449,Upgraded
TX-San Antonio-New Braunfels,Deposits,29.43306,-98.606973,1826819754,976,9.134505456,233,Premium,Rational,Rational: High risk with high price,Low,Medium,High,Low,Medium,Medium,At National Avg,Premium,Rational,Low,Low,2.05,Attractive,Pos: Economic Growth | Premium Discount | Neg: Loan Growth | International CM,Top Pos: Economic Growth | Top Neg: International CM,1333.46,4.596187984,-0.831076197,0.217244411,2.542514369,1871741.551,-0.274625591,-0.421254549,0.146628958,0.260813347,0.006659419,0.254153928,-0.11399391,0.178886449,Upgraded
UT-Salt Lake City-Murray,Credit_Cash_Management,40.572887,-112.953253,172021478,978,5.133696355,240,Premium,Overpriced (Opportunity),Irrational: Low risk with high price - Overpriced (Opportunity),Low,High,Medium,High,Low,Low,Below National Avg,Premium,Overpriced (Opportunity),High,Medium,2.35,Highly Attractive,Pos: Risk Migration | Premium Discount | Neg: HHI | Risk,Top Pos: Risk Migration | Top Neg: Risk,2531,3.170164506,0.243726182,0.218437556,2.608802656,175891.0818,0.084920282,-0.421254549,0.506174831,2.822009505,0.006659419,2.815350086,0.906047049,1.198927407,Downgraded
UT-Salt Lake City-Murray,Deposits,40.572887,-112.953253,1947160158,978,5.133696355,240,Premium,Overpriced (Opportunity),Irrational: Low risk with high price - Overpriced (Opportunity),Low,High,Medium,High,Low,Low,Below National Avg,Premium,Overpriced (Opportunity),Medium,Medium,2.35,Highly Attractive,Pos: Risk Migration | Premium Discount | Neg: HHI | Risk,Top Pos: Risk Migration | Top Neg: Risk,2531,3.170164506,0.243726182,0.218437556,2.608802656,1990961.307,0.084920282,-0.421254549,0.506174831,2.822009505,0.006659419,2.815350086,0.906047049,1.198927407,Downgraded
VA-NC-Virginia Beach-Chesapeake-Norfolk,Credit_Cash_Management,36.837289,-76.391849,104146156,584,5.841414308,211,Discount,Rational,Rational: Low risk with low price,Low,High,Medium,Medium,High,Low,Below National Avg,Discount,Rational,High,Medium,2.05,Attractive,Pos: Risk Migration | Relative Risk Migration | Neg: HHI | Premium Discount,Top Pos: Risk Migration | Top Neg: Premium Discount,1916.39,3.152975064,0.036906663,0.229278868,2.723923812,178332.4589,4.779475552,-0.421254549,5.200730102,0.178541182,0.006659419,0.171881763,3.399195241,3.6920756,Upgraded
VA-NC-Virginia Beach-Chesapeake-Norfolk,Deposits,36.837289,-76.391849,1071324825,584,5.841414308,211,Discount,Rational,Rational: Low risk with low price,Low,High,Medium,Medium,High,Low,Below National Avg,Discount,Rational,High,Medium,2.05,Attractive,Pos: Risk Migration | Relative Risk Migration | Neg: HHI | Premium Discount,Top Pos: Risk Migration | Top Neg: Premium Discount,1916.39,3.152975064,0.036906663,0.229278868,2.723923812,1834460.317,4.779475552,-0.421254549,5.200730102,0.178541182,0.006659419,0.171881763,3.399195241,3.6920756,Upgraded
VA-Richmond,Credit_Cash_Management,37.412237,-77.44372,120088977,648,6.712948702,211,Discount,Rational,Rational: Low risk with low price,Low,High,Low,Medium,Medium,Low,Below National Avg,Discount,Rational,High,High,1.94,Neutral,Pos: Risk Migration | Relative Risk Migration | Neg: Economic Growth | Premium Discount,Top Pos: Risk Migration | Top Neg: Premium Discount,1676.76,0.99774167,-0.214836865,0.240674832,2.26318123,185322.4954,3.146139764,-0.421254549,3.567394313,0.116716689,0.006659419,0.110057269,2.237312841,2.5301932,Upgraded
VA-Richmond,Deposits,37.412237,-77.44372,1290829496,648,6.712948702,211,Discount,Rational,Rational: Low risk with low price,Low,High,Low,Medium,Medium,Low,Below National Avg,Discount,Rational,Low,High,1.94,Neutral,Pos: Risk Migration | Relative Risk Migration | Neg: Economic Growth | Premium Discount,Top Pos: Risk Migration | Top Neg: Premium Discount,1676.76,0.99774167,-0.214836865,0.240674832,2.26318123,1992020.827,3.146139764,-0.421254549,3.567394313,0.116716689,0.006659419,0.110057269,2.237312841,2.5301932,Upgraded
WA-Seattle-Tacoma-Bellevue,Credit_Cash_Management,47.490552,-121.833977,335718699,2023,7.387485398,245,Premium,Rational,Rational: High risk with high price,High,High,High,Medium,High,High,Above National Avg,Premium,Rational,Medium,Medium,1.98,Neutral,Pos: Economic Growth | Premium Discount | Neg: Risk Migration | Relative Risk Migration,Top Pos: Economic Growth | Top Neg: Relative Risk Migration,1515.46,6.160106379,0.089749419,0.222367579,2.552912321,165950.914,-0.616031413,-0.421254549,-0.194776864,0.035756229,0.006659419,0.029096809,-0.42049512,-0.127614762,Upgraded
WA-Seattle-Tacoma-Bellevue,Deposits,47.490552,-121.833977,3701645436,2022,7.387485398,245,Premium,Rational,Rational: High risk with high price,High,High,High,Medium,High,High,Above National Avg,Premium,Rational,Low,Medium,1.98,Neutral,Pos: Economic Growth | Premium Discount | Neg: Risk Migration | Relative Risk Migration,Top Pos: Economic Growth | Top Neg: Relative Risk Migration,1515.46,6.160106379,0.089749419,0.222367579,2.552912321,1830685.181,-0.616031413,-0.421254549,-0.194776864,0.035756229,0.006659419,0.029096809,-0.42049512,-0.127614762,Upgraded
WI-Milwaukee-Waukesha,Credit_Cash_Management,42.912643,-87.862312,210041601,1271,6.159671905,215,Discount,Rational,Rational: Low risk with low price,Medium,High,Low,High,Low,Medium,At National Avg,Discount,Rational,Medium,High,1.74,Challenging,Pos: Loan Growth | International CM | Neg: Premium Discount | Risk,Top Pos: Loan Growth | Top Neg: Risk,1617.4,1.386847464,0.220063256,0.253161219,3.154318151,165256.9638,0.650914216,-0.421254549,1.072168765,0.152927454,0.006659419,0.146268035,0.501518188,0.794398546,Downgraded
WI-Milwaukee-Waukesha,Deposits,42.912643,-87.862312,2303317098,1269,6.159671905,215,Discount,Rational,Rational: Low risk with low price,Medium,High,Low,High,Low,Medium,At National Avg,Discount,Rational,High,High,1.74,Challenging,Pos: Loan Growth | International CM | Neg: Premium Discount | Risk,Top Pos: Loan Growth | Top Neg: Risk,1617.4,1.386847464,0.220063256,0.253161219,3.154318151,1815064.695,0.650914216,-0.421254549,1.072168765,0.152927454,0.006659419,0.146268035,0.501518188,0.794398546,Downgraded